source,domain,n,eligible_n,conflict_n,group_equal_mean,group_equal_median,flat_equal_mean,flat_equal_median,group_median_mean,group_median_median,pca_structural_mean,pca_structural_median
A1,arxiv,1419,1419,0,0.7574612591967902,0.7712736158102176,0.7548103562798745,0.7711957313682873,0.7753827414184928,0.7928443620274579,0.9788116767271423,0.9861214132344329
A1,book,171,171,17,0.6468409738643777,0.6545435995462897,0.6511158627556975,0.6612716388987215,0.6633706037763979,0.6689512980675385,0.8787971457696228,0.9196369314854578
A1,c4,10000,10000,259,0.6561290053051368,0.668427280706849,0.6792774787113485,0.6902866223628839,0.6387637840012094,0.6546806883987246,0.40656290454811633,0.3577103259808706
A1,commoncrawl,9640,9640,179,0.6527448348245325,0.6656186754191968,0.6673527001772953,0.6798589325188074,0.6415660405289286,0.6581098730765547,0.6565760345298195,0.6930509467109116
A1,github,10000,10000,203,0.5765073866427175,0.5839269364400766,0.6305984277557641,0.6416146681210302,0.5187063589536376,0.5236430449499976,0.40045593402303337,0.3721745071247316
A1,stackexchange,10000,10000,152,0.6531510023580448,0.6633107106271838,0.6953485795363403,0.7075870206818307,0.6108578485575697,0.6171933842643751,0.5808778547725942,0.5985945734920946
A1,wikipedia,10000,10000,227,0.6315956148558416,0.635913301982115,0.6621712237530807,0.6714238324373308,0.6012711884047816,0.5908495242491751,0.38679319344134294,0.31990044895569003
A2,arxiv,17523,17523,0,0.7580716704790531,0.7704101802033316,0.7553373841464266,0.7701951311126827,0.7767490608795792,0.7917626390786648,0.978201193848805,0.986219012297482
A3,github,203752,203752,4396,0.5762363358377376,0.5830226317326834,0.6302449845205245,0.6404759602603601,0.5188202112219268,0.5237511472501966,0.39764230933216954,0.3676166308803436
